[
  {
    "id": 1,
    "title": "شقة فاخرة في القاهرة",
    "location": "مصر الجديدة",
    "price": "2,000,000 جنيه",
    "description": "شقة تشطيب سوبر لوكس 3 غرف نوم.",
    "image": "https://via.placeholder.com/400x200"
  },
  {
    "id": 2,
    "title": "فيلا حديثة في عمان",
    "location": "دابوق",
    "price": "350,000 دينار",
    "description": "فيلا مع مسبح وحديقة 4 غرف نوم.",
    "image": "https://via.placeholder.com/400x200"
  }
]